-- phpMyAdmin SQL Dump
-- version 3.5.8.1
-- http://www.phpmyadmin.net
--
-- Host: dejan-photo.be.mysql:3306
-- Generation Time: Oct 18, 2016 at 02:27 PM
-- Server version: 5.5.52-MariaDB-1~wheezy
-- PHP Version: 5.4.45-0+deb7u5

SET SQL_MODE="NO_AUTO_VALUE_ON_ZERO";
SET time_zone = "+00:00";


/*!40101 SET @OLD_CHARACTER_SET_CLIENT=@@CHARACTER_SET_CLIENT */;
/*!40101 SET @OLD_CHARACTER_SET_RESULTS=@@CHARACTER_SET_RESULTS */;
/*!40101 SET @OLD_COLLATION_CONNECTION=@@COLLATION_CONNECTION */;
/*!40101 SET NAMES utf8 */;

--
-- Database: `dejan_photo_be`
--
CREATE DATABASE `dejan_photo_be` DEFAULT CHARACTER SET latin1 COLLATE latin1_swedish_ci;
USE `dejan_photo_be`;

-- --------------------------------------------------------

--
-- Table structure for table `dejanAlbum`
--

CREATE TABLE IF NOT EXISTS `dejanAlbum` (
  `id` int(11) NOT NULL AUTO_INCREMENT,
  `name` varchar(256) COLLATE utf8_bin NOT NULL,
  `dir` varchar(256) COLLATE utf8_bin NOT NULL,
  `date` varchar(256) COLLATE utf8_bin NOT NULL,
  `description` varchar(256) COLLATE utf8_bin NOT NULL,
  `location` varchar(256) COLLATE utf8_bin NOT NULL,
  `buylink` varchar(256) COLLATE utf8_bin DEFAULT NULL,
  `private` tinyint(1) NOT NULL DEFAULT '0',
  PRIMARY KEY (`id`)
) ENGINE=InnoDB  DEFAULT CHARSET=utf8 COLLATE=utf8_bin AUTO_INCREMENT=28 ;

--
-- Dumping data for table `dejanAlbum`
--

INSERT INTO `dejanAlbum` (`id`, `name`, `dir`, `date`, `description`, `location`, `buylink`, `private`) VALUES
(1, 'VLP Reining', 'vlp-destelbergen', '19 Juli 2015', 'Wedstrijd VLP Reining CRN 606', 'Llyda Stables, Destelbergen', NULL, 0),
(2, 'VLP Reining', 'vlp-melsele', '02 Aug. 2015', 'Wedstrijd VLP Reining CRN 607', 'El Picadero, Melsele', NULL, 0),
(3, 'Molsbroek', 'molsbroek', '16 Aug. 2015', 'Wandeling in natuurreservaat Molsbroek', 'Lokeren', NULL, 0),
(4, 'Clinic PVC', 'clinic-pvc', '14 Aug. 2015', 'Clinic gegeven door Patrick Van Coninckxloey', 'El Picadero, Melsele', NULL, 0),
(5, 'Clinic WE', 'clinic-we', '22 Aug. 2015', 'Initiatie Working Equitation', 'Stal Mivaro, Dilbeek', NULL, 0),
(6, 'Frank & Sveva', 'frankensveva', '5 Sept. 2015', 'Huwelijksfeest van Frank en Sveva', 'Hof van Reyen, Boechout', NULL, 0),
(7, 'NRHA Freestyle', 'nrha-freestyle', '25 Sept. 2015', 'NRHA Freestyle Reining', 'Llyda Stables - Destelbergen', NULL, 0),
(8, 'VLP Reining - BK', 'reiningbk', '4 Okt. 2015', 'Belgisch Kampioenschap Reining VLP', 'Llyda Stables, Destelbergen', NULL, 0),
(9, 'Training Stardust Team', 'trainingpvc', '18 Okt. 2015', 'Gegeven door Patrick Van Coninckxloey', 'El Picadero, Melsele', NULL, 0),
(10, 'Clinic PVC', 'clinic-pvc151107', '7 Nov. 2015', 'Clinic gegeven door Patrick Van Coninckxloey', 'El Picadero, Melsele', NULL, 0),
(11, 'On The Beach', 'onthebeach', '29 Nov. 2015', 'Beach-shoot met Giddy Up en Jula', 'Knokke-beach', NULL, 0),
(12, 'Sinterklaas op Heiende', 'sint', '5 Dec. 2015', 'Sinterklaas en zwarte pieten komen aan op Heiende', 'Heiende', NULL, 0),
(13, 'AAD Match Lvl2', 'aad-dec-2015', '20 Dec. 2015', 'Airsoft Action Disciplines - IPSC Match Lvl2', 'A6 Law Enforcement, Brussel', NULL, 0),
(14, 'Bostrails', 'bostrails', '16 Jan. 2016', '10km, halve of volledige marathon in het bos', 'Blekkerbos, Aalter', 'http://www.oypo.nl/06E4B857E0F429BE', 0),
(15, 'Baseball Practice', 'lionsPractice', '13 Maart 2016', 'Oefenwedstrijden Beveren Lions', 'Terreinen van Beveren Lions', '', 0),
(16, 'Wielerwedstrijd', 'koersnieuwkerken', '26 Maart 2016', 'Wielerwedstrijd Gentlemen', 'Nieuwkerken-waas', '', 0),
(19, 'Familie Evelien', 'evelien', '27 Maart 2016', ' ', 'Sinaai', '', 1),
(20, 'NRHA Reining', 'nrha-201604', '2 en 3 Apr. 2016', 'Llyda Flanders Reining Competition', 'Llyda stables, Destelbergen', '', 0),
(21, 'Oldtimer Toerke', 'oldtimer', '3 Juli 2016', 'Oldtimer Rally - Rode Kermis', 'Rode, Glabbeek', '', 0),
(22, 'Stardust Team @ VLP', 'vlp-melsele-20160717', '17 Juli 2016', 'VLP Reining wedstrijd', 'El Picadero - Melsele', '', 0),
(23, 'Stardust Team @ NRHA', 'nrha-201607', '22-24 Juli 2016', 'NRHA Llyda Reining Competition part 2', 'Llyda Stables - Destelbergen', '', 0),
(24, 'Stardust Team @ Power Reining', 'powerreining2016', '18-21 Aug 2016', 'Belgium Power Reining Event 2016', 'Llyda Stables - Destelbergen', '', 0),
(25, 'LRV Ponytornooi', 'LRVProvinciaal201609', '11 Sept. 2016', 'LRV Provinciaal Ponytornooi', 'Stal Hulsterlo, Meerdonk', 'http://www.oypo.be/6AC6E208C5D0F713', 0),
(26, 'VLP BK Reining', 'vlp-bk-destelbergen-20161009', '9 Okt. 2016', 'Stardust team @ Belgisch Kampioenschap Reining', 'Llyda Stables - Destelbergen', '', 0),
(27, 'Lets Ride Reining', 'letsride-20161016', '16 Okt. 2016', 'Veronique op de Lets Ride Reining wedstrijd', 'Lone Star Stables - Arendonk', '', 0);

-- --------------------------------------------------------

--
-- Table structure for table `dejanOrder`
--

CREATE TABLE IF NOT EXISTS `dejanOrder` (
  `id` int(11) NOT NULL AUTO_INCREMENT,
  `email` varchar(256) CHARACTER SET utf8 COLLATE utf8_bin NOT NULL,
  `order` mediumtext CHARACTER SET utf8 COLLATE utf8_bin NOT NULL,
  PRIMARY KEY (`id`)
) ENGINE=InnoDB  DEFAULT CHARSET=latin1 AUTO_INCREMENT=6 ;

--
-- Dumping data for table `dejanOrder`
--

INSERT INTO `dejanOrder` (`id`, `email`, `order`) VALUES
(3, 'jan.dhollander@gmail.com', ',vlp-destelbergen/VLP_Destelbergen.JPG,vlp-destelbergen/VLP_Destelbergen-001.JPG'),
(4, 'jan.dhollander@gmail.com', ',vlp-destelbergen/VLP_Destelbergen.JPG,vlp-destelbergen/VLP_Destelbergen-001.JPG,vlp-destelbergen/VLP_Destelbergen-004.JPG'),
(5, 'jan.dhollander@gmail.com', ',vlp-melsele/VLP Melsele-003.JPG,vlp-melsele/VLP Melsele-007.JPG,vlp-melsele/VLP Melsele-005.JPG');

-- --------------------------------------------------------

--
-- Table structure for table `dejanPic`
--

CREATE TABLE IF NOT EXISTS `dejanPic` (
  `id` int(11) NOT NULL AUTO_INCREMENT,
  `album` int(11) NOT NULL,
  `filename` varchar(256) COLLATE utf8_bin NOT NULL,
  PRIMARY KEY (`id`),
  KEY `album` (`album`)
) ENGINE=InnoDB  DEFAULT CHARSET=utf8 COLLATE=utf8_bin AUTO_INCREMENT=638 ;

--
-- Dumping data for table `dejanPic`
--

INSERT INTO `dejanPic` (`id`, `album`, `filename`) VALUES
(1, 1, 'VLP_Destelbergen.JPG'),
(2, 1, 'VLP_Destelbergen-001.JPG'),
(3, 1, 'VLP_Destelbergen-002.JPG'),
(4, 1, 'VLP_Destelbergen-003.JPG'),
(5, 1, 'VLP_Destelbergen-004.JPG'),
(6, 1, 'VLP_Destelbergen-005.JPG'),
(7, 1, 'VLP_Destelbergen-006.JPG'),
(8, 1, 'VLP_Destelbergen-007.JPG'),
(9, 1, 'VLP_Destelbergen-008.JPG'),
(10, 1, 'VLP_Destelbergen-009.JPG'),
(11, 1, 'VLP_Destelbergen-010.JPG'),
(12, 2, 'VLP_Melsele.JPG'),
(13, 2, 'VLP_Melsele-001.JPG'),
(14, 2, 'VLP_Melsele-002.JPG'),
(15, 2, 'VLP_Melsele-003.JPG'),
(16, 2, 'VLP_Melsele-004.JPG'),
(17, 2, 'VLP_Melsele-005.JPG'),
(18, 2, 'VLP_Melsele-006.JPG'),
(19, 2, 'VLP_Melsele-007.JPG'),
(20, 2, 'VLP_Melsele-008.JPG'),
(21, 2, 'VLP_Melsele-009.JPG'),
(22, 2, 'VLP_Melsele-010.JPG'),
(23, 2, 'VLP_Melsele-011.JPG'),
(24, 2, 'VLP_Melsele-012.JPG'),
(25, 2, 'VLP_Melsele-013.JPG'),
(26, 2, 'VLP_Melsele-014.JPG'),
(27, 2, 'VLP_Melsele-015.JPG'),
(28, 2, 'VLP_Melsele-016.JPG'),
(29, 2, 'VLP_Melsele-017.JPG'),
(30, 2, 'VLP_Melsele-018.JPG'),
(31, 2, 'VLP_Melsele-019.JPG'),
(32, 2, 'VLP_Melsele-020.JPG'),
(33, 2, 'VLP_Melsele-021.JPG'),
(34, 2, 'VLP_Melsele-022.JPG'),
(35, 2, 'VLP_Melsele-023.JPG'),
(36, 2, 'VLP_Melsele-024.JPG'),
(37, 2, 'VLP_Melsele-025.JPG'),
(38, 2, 'VLP_Melsele-026.JPG'),
(39, 3, 'Molsbroek.JPG'),
(40, 3, 'Molsbroek-001.JPG'),
(41, 3, 'Molsbroek-002.JPG'),
(42, 3, 'Molsbroek-003.JPG'),
(43, 3, 'Molsbroek-004.JPG'),
(44, 3, 'Molsbroek-005.JPG'),
(45, 3, 'Molsbroek-006.JPG'),
(46, 3, 'Molsbroek-007.JPG'),
(47, 3, 'Molsbroek-008.JPG'),
(48, 3, 'Molsbroek-009.JPG'),
(49, 3, 'Molsbroek-010.JPG'),
(50, 3, 'Molsbroek-011.JPG'),
(51, 3, 'Molsbroek-012.JPG'),
(52, 3, 'Molsbroek-013.JPG'),
(53, 3, 'Molsbroek-014.JPG'),
(54, 3, 'Molsbroek-015.JPG'),
(55, 3, 'Molsbroek-016.JPG'),
(164, 4, 'Clinic_PVC-000.JPG'),
(165, 4, 'Clinic_PVC-001.JPG'),
(166, 4, 'Clinic_PVC-002.JPG'),
(167, 4, 'Clinic_PVC-003.JPG'),
(168, 4, 'Clinic_PVC-004.JPG'),
(169, 4, 'Clinic_PVC-005.JPG'),
(170, 4, 'Clinic_PVC-006.JPG'),
(171, 4, 'Clinic_PVC-007.JPG'),
(172, 4, 'Clinic_PVC-008.JPG'),
(173, 4, 'Clinic_PVC-009.JPG'),
(174, 4, 'Clinic_PVC-010.JPG'),
(175, 4, 'Clinic_PVC-011.JPG'),
(176, 4, 'Clinic_PVC-012.JPG'),
(177, 4, 'Clinic_PVC-013.JPG'),
(178, 4, 'Clinic_PVC-014.JPG'),
(179, 4, 'Clinic_PVC-015.JPG'),
(180, 4, 'Clinic_PVC-016.JPG'),
(181, 4, 'Clinic_PVC-017.JPG'),
(182, 4, 'Clinic_PVC-018.JPG'),
(183, 4, 'Clinic_PVC-019.JPG'),
(184, 4, 'Clinic_PVC-020.JPG'),
(185, 4, 'Clinic_PVC-021.JPG'),
(186, 4, 'Clinic_PVC-022.JPG'),
(188, 4, 'Clinic_PVC-024.JPG'),
(189, 4, 'Clinic_PVC-025.JPG'),
(190, 4, 'Clinic_PVC-026.JPG'),
(192, 4, 'Clinic_PVC-028.JPG'),
(193, 4, 'Clinic_PVC-029.JPG'),
(195, 4, 'Clinic_PVC-031.JPG'),
(196, 4, 'Clinic_PVC-032.JPG'),
(197, 4, 'Clinic_PVC-033.JPG'),
(198, 4, 'Clinic_PVC-034.JPG'),
(199, 4, 'Clinic_PVC-035.JPG'),
(200, 4, 'Clinic_PVC-036.JPG'),
(201, 4, 'Clinic_PVC-037.JPG'),
(202, 4, 'Clinic_PVC-038.JPG'),
(203, 4, 'Clinic_PVC-039.JPG'),
(204, 4, 'Clinic_PVC-040.JPG'),
(205, 4, 'Clinic_PVC-041.JPG'),
(206, 4, 'Clinic_PVC-042.JPG'),
(207, 4, 'Clinic_PVC-043.JPG'),
(208, 4, 'Clinic_PVC-044.JPG'),
(209, 4, 'Clinic_PVC-045.JPG'),
(210, 4, 'Clinic_PVC-046.JPG'),
(211, 4, 'Clinic_PVC-047.JPG'),
(214, 4, 'Clinic_PVC-050.JPG'),
(215, 4, 'Clinic_PVC-051.JPG'),
(216, 4, 'Clinic_PVC-052.JPG'),
(217, 4, 'Clinic_PVC-053.JPG'),
(218, 5, 'Clinic_WE-000.JPG'),
(219, 5, 'Clinic_WE-001.JPG'),
(220, 5, 'Clinic_WE-002.JPG'),
(221, 5, 'Clinic_WE-003.JPG'),
(222, 5, 'Clinic_WE-004.JPG'),
(223, 5, 'Clinic_WE-005.JPG'),
(224, 5, 'Clinic_WE-006.JPG'),
(225, 5, 'Clinic_WE-007.JPG'),
(226, 5, 'Clinic_WE-008.JPG'),
(227, 5, 'Clinic_WE-009.JPG'),
(228, 5, 'Clinic_WE-010.JPG'),
(229, 5, 'Clinic_WE-011.JPG'),
(230, 5, 'Clinic_WE-012.JPG'),
(231, 5, 'Clinic_WE-013.JPG'),
(232, 5, 'Clinic_WE-014.JPG'),
(233, 5, 'Clinic_WE-015.JPG'),
(234, 5, 'Clinic_WE-016.JPG'),
(235, 5, 'Clinic_WE-017.JPG'),
(236, 6, 'FrankEnSveva-000.JPG'),
(237, 6, 'FrankEnSveva-001.JPG'),
(238, 6, 'FrankEnSveva-002.JPG'),
(239, 6, 'FrankEnSveva-003.JPG'),
(240, 6, 'FrankEnSveva-004.JPG'),
(241, 6, 'FrankEnSveva-005.JPG'),
(242, 6, 'FrankEnSveva-006.JPG'),
(243, 6, 'FrankEnSveva-007.JPG'),
(244, 6, 'FrankEnSveva-008.JPG'),
(245, 6, 'FrankEnSveva-009.JPG'),
(246, 6, 'FrankEnSveva-010.JPG'),
(247, 6, 'FrankEnSveva-011.JPG'),
(248, 6, 'FrankEnSveva-012.JPG'),
(249, 6, 'FrankEnSveva-013.JPG'),
(250, 6, 'FrankEnSveva-015.JPG'),
(251, 6, 'FrankEnSveva-016.JPG'),
(252, 6, 'FrankEnSveva-017.JPG'),
(253, 6, 'FrankEnSveva-018.JPG'),
(254, 6, 'FrankEnSveva-019.JPG'),
(255, 6, 'FrankEnSveva-020.JPG'),
(256, 6, 'FrankEnSveva-021.JPG'),
(257, 7, 'NRHAFreestyle-000.JPG'),
(258, 7, 'NRHAFreestyle-001.JPG'),
(259, 7, 'NRHAFreestyle-002.JPG'),
(260, 7, 'NRHAFreestyle-003.JPG'),
(261, 7, 'NRHAFreestyle-004.JPG'),
(262, 7, 'NRHAFreestyle-005.JPG'),
(263, 7, 'NRHAFreestyle-006.JPG'),
(264, 7, 'NRHAFreestyle-007.JPG'),
(265, 7, 'NRHAFreestyle-008.JPG'),
(266, 7, 'NRHAFreestyle-009.JPG'),
(267, 7, 'NRHAFreestyle-010.JPG'),
(268, 7, 'NRHAFreestyle-011.JPG'),
(269, 8, 'ReiningBK-000.JPG'),
(270, 8, 'ReiningBK-001.JPG'),
(271, 8, 'ReiningBK-002.JPG'),
(272, 8, 'ReiningBK-003.JPG'),
(273, 8, 'ReiningBK-004.JPG'),
(274, 8, 'ReiningBK-005.JPG'),
(275, 8, 'ReiningBK-006.JPG'),
(276, 8, 'ReiningBK-007.JPG'),
(277, 8, 'ReiningBK-008.JPG'),
(278, 8, 'ReiningBK-009.JPG'),
(279, 8, 'ReiningBK-010.JPG'),
(280, 8, 'ReiningBK-011.JPG'),
(281, 9, 'TrainingPVC-1.jpg'),
(282, 9, 'TrainingPVC-10.jpg'),
(283, 9, 'TrainingPVC-11.jpg'),
(284, 9, 'TrainingPVC-12.jpg'),
(285, 9, 'TrainingPVC-13.jpg'),
(286, 9, 'TrainingPVC-2.jpg'),
(287, 9, 'TrainingPVC-3.jpg'),
(288, 9, 'TrainingPVC-4.jpg'),
(289, 9, 'TrainingPVC-5.jpg'),
(290, 9, 'TrainingPVC-6.jpg'),
(291, 9, 'TrainingPVC-7.jpg'),
(292, 9, 'TrainingPVC-8.jpg'),
(293, 9, 'TrainingPVC-9.jpg'),
(294, 10, 'ClinicPVC151107-001.jpg'),
(295, 10, 'ClinicPVC151107-002.jpg'),
(299, 10, 'ClinicPVC151107-006.jpg'),
(300, 10, 'ClinicPVC151107-007.jpg'),
(301, 10, 'ClinicPVC151107-008.jpg'),
(302, 10, 'ClinicPVC151107-009.jpg'),
(303, 10, 'ClinicPVC151107-010.jpg'),
(304, 10, 'ClinicPVC151107-011.jpg'),
(305, 10, 'ClinicPVC151107-012.jpg'),
(306, 11, 'OnTheBeach-001.jpg'),
(307, 11, 'OnTheBeach-002.jpg'),
(308, 11, 'OnTheBeach-003.jpg'),
(309, 11, 'OnTheBeach-004.jpg'),
(310, 11, 'OnTheBeach-005.jpg'),
(311, 11, 'OnTheBeach-006.jpg'),
(312, 11, 'OnTheBeach-007.jpg'),
(313, 11, 'OnTheBeach-008.jpg'),
(314, 11, 'OnTheBeach-009.jpg'),
(315, 11, 'OnTheBeach-010.jpg'),
(316, 11, 'OnTheBeach-011.jpg'),
(317, 11, 'OnTheBeach-012.jpg'),
(318, 12, 'SintHeiende-001.jpg'),
(319, 12, 'SintHeiende-002.jpg'),
(320, 12, 'SintHeiende-003.jpg'),
(321, 12, 'SintHeiende-004.jpg'),
(322, 12, 'SintHeiende-005.jpg'),
(323, 12, 'SintHeiende-006.jpg'),
(324, 12, 'SintHeiende-007.jpg'),
(325, 12, 'SintHeiende-008.jpg'),
(326, 12, 'SintHeiende-009.jpg'),
(327, 12, 'SintHeiende-010.jpg'),
(328, 12, 'SintHeiende-011.jpg'),
(329, 12, 'SintHeiende-012.jpg'),
(330, 12, 'SintHeiende-013.jpg'),
(331, 12, 'SintHeiende-014.jpg'),
(332, 12, 'SintHeiende-015.jpg'),
(333, 12, 'SintHeiende-016.jpg'),
(334, 12, 'SintHeiende-017.jpg'),
(335, 12, 'SintHeiende-018.jpg'),
(336, 12, 'SintHeiende-019.jpg'),
(337, 12, 'SintHeiende-020.jpg'),
(338, 12, 'SintHeiende-021.jpg'),
(339, 12, 'SintHeiende-022.jpg'),
(340, 12, 'SintHeiende-023.jpg'),
(341, 12, 'SintHeiende-024.jpg'),
(342, 12, 'SintHeiende-025.jpg'),
(343, 12, 'SintHeiende-026.jpg'),
(344, 12, 'SintHeiende-027.jpg'),
(345, 13, 'AAD-lvl2-001.jpg'),
(346, 13, 'AAD-lvl2-002.jpg'),
(347, 13, 'AAD-lvl2-003.jpg'),
(348, 13, 'AAD-lvl2-004.jpg'),
(349, 13, 'AAD-lvl2-005.jpg'),
(350, 13, 'AAD-lvl2-006.jpg'),
(351, 13, 'AAD-lvl2-007.jpg'),
(352, 13, 'AAD-lvl2-008.jpg'),
(353, 13, 'AAD-lvl2-009.jpg'),
(354, 13, 'AAD-lvl2-010.jpg'),
(355, 13, 'AAD-lvl2-011.jpg'),
(356, 13, 'AAD-lvl2-012.jpg'),
(357, 13, 'AAD-lvl2-013.jpg'),
(358, 13, 'AAD-lvl2-014.jpg'),
(359, 13, 'AAD-lvl2-015.jpg'),
(360, 13, 'AAD-lvl2-016.jpg'),
(361, 13, 'AAD-lvl2-017.jpg'),
(362, 13, 'AAD-lvl2-018.jpg'),
(363, 13, 'AAD-lvl2-019.jpg'),
(364, 13, 'AAD-lvl2-020.jpg'),
(365, 13, 'AAD-lvl2-021.jpg'),
(366, 13, 'AAD-lvl2-022.jpg'),
(367, 13, 'AAD-lvl2-023.jpg'),
(368, 13, 'AAD-lvl2-024.jpg'),
(369, 13, 'AAD-lvl2-025.jpg'),
(370, 13, 'AAD-lvl2-026.jpg'),
(371, 13, 'AAD-lvl2-027.jpg'),
(372, 13, 'AAD-lvl2-028.jpg'),
(373, 13, 'AAD-lvl2-029.jpg'),
(374, 13, 'AAD-lvl2-030.jpg'),
(375, 14, 'bostrails-001.jpg'),
(376, 14, 'bostrails-002.jpg'),
(377, 14, 'bostrails-003.jpg'),
(378, 14, 'bostrails-004.jpg'),
(379, 14, 'bostrails-005.jpg'),
(380, 14, 'bostrails-006.jpg'),
(381, 14, 'bostrails-007.jpg'),
(382, 14, 'bostrails-008.jpg'),
(383, 14, 'bostrails-009.jpg'),
(384, 14, 'bostrails-010.jpg'),
(385, 14, 'bostrails-011.jpg'),
(386, 14, 'bostrails-012.jpg'),
(387, 14, 'bostrails-013.jpg'),
(388, 14, 'bostrails-014.jpg'),
(389, 14, 'bostrails-015.jpg'),
(390, 15, 'lionsPractice-001.jpg'),
(391, 15, 'lionsPractice-002.jpg'),
(392, 15, 'lionsPractice-003.jpg'),
(393, 15, 'lionsPractice-004.jpg'),
(394, 15, 'lionsPractice-005.jpg'),
(395, 15, 'lionsPractice-006.jpg'),
(396, 15, 'lionsPractice-007.jpg'),
(397, 15, 'lionsPractice-008.jpg'),
(398, 15, 'lionsPractice-009.jpg'),
(399, 15, 'lionsPractice-010.jpg'),
(400, 15, 'lionsPractice-011.jpg'),
(401, 15, 'lionsPractice-012.jpg'),
(402, 15, 'lionsPractice-013.jpg'),
(403, 15, 'lionsPractice-014.jpg'),
(404, 15, 'lionsPractice-015.jpg'),
(405, 15, 'lionsPractice-016.jpg'),
(406, 15, 'lionsPractice-017.jpg'),
(407, 15, 'lionsPractice-018.jpg'),
(408, 15, 'lionsPractice-019.jpg'),
(409, 15, 'lionsPractice-020.jpg'),
(410, 15, 'lionsPractice-021.jpg'),
(411, 16, 'KoersNieuwkerken-001.jpg'),
(412, 16, 'KoersNieuwkerken-002.jpg'),
(413, 16, 'KoersNieuwkerken-003.jpg'),
(414, 16, 'KoersNieuwkerken-004.jpg'),
(415, 16, 'KoersNieuwkerken-005.jpg'),
(416, 16, 'KoersNieuwkerken-006.jpg'),
(417, 16, 'KoersNieuwkerken-007.jpg'),
(418, 16, 'KoersNieuwkerken-008.jpg'),
(419, 16, 'KoersNieuwkerken-009.jpg'),
(420, 16, 'KoersNieuwkerken-010.jpg'),
(421, 16, 'KoersNieuwkerken-011.jpg'),
(422, 16, 'KoersNieuwkerken-012.jpg'),
(423, 16, 'KoersNieuwkerken-013.jpg'),
(424, 16, 'KoersNieuwkerken-014.jpg'),
(425, 16, 'KoersNieuwkerken-015.jpg'),
(426, 16, 'KoersNieuwkerken-016.jpg'),
(427, 16, 'KoersNieuwkerken-017.jpg'),
(428, 16, 'KoersNieuwkerken-018.jpg'),
(447, 19, 'Website-01.jpg'),
(448, 19, 'Website-02.jpg'),
(449, 19, 'Website-03.jpg'),
(450, 19, 'Website-04.jpg'),
(451, 19, 'Website-05.jpg'),
(452, 19, 'Website-06.jpg'),
(453, 19, 'Website-07.jpg'),
(454, 19, 'Website-08.jpg'),
(455, 19, 'Website-09.jpg'),
(456, 19, 'Website-10.jpg'),
(457, 19, 'Website-11.jpg'),
(458, 19, 'Website-12.jpg'),
(459, 19, 'Website-13.jpg'),
(460, 19, 'Website-14.jpg'),
(461, 19, 'Website-15.jpg'),
(462, 19, 'Website-16.jpg'),
(463, 19, 'Website-17.jpg'),
(464, 19, 'Website-18.jpg'),
(465, 19, 'Website-19.jpg'),
(466, 19, 'Website-20.jpg'),
(467, 19, 'Website-21.jpg'),
(468, 19, 'Website-22.jpg'),
(469, 19, 'Website-23.jpg'),
(470, 19, 'Website-24.jpg'),
(471, 19, 'Website-25.jpg'),
(472, 19, 'Website-26.jpg'),
(473, 19, 'Website-27.jpg'),
(474, 19, 'Website-28.jpg'),
(475, 19, 'Website-29.jpg'),
(476, 19, 'Website-30.jpg'),
(477, 19, 'Website-31.jpg'),
(478, 19, 'Website-32.jpg'),
(479, 19, 'Website-33.jpg'),
(480, 19, 'Website-34.jpg'),
(481, 19, 'Website-35.jpg'),
(482, 19, 'Website-36.jpg'),
(483, 19, 'Website-37.jpg'),
(484, 19, 'Website-38.jpg'),
(485, 19, 'Website-39.jpg'),
(486, 19, 'Website-40.jpg'),
(487, 19, 'Website-41.jpg'),
(488, 19, 'Website-42.jpg'),
(489, 19, 'Website-43.jpg'),
(490, 19, 'Website-44.jpg'),
(491, 19, 'Website-45.jpg'),
(492, 19, 'Website-46.jpg'),
(493, 19, 'Website-47.jpg'),
(494, 19, 'Website-48.jpg'),
(495, 19, 'Website-49.jpg'),
(496, 19, 'Website-50.jpg'),
(497, 19, 'Website-51.jpg'),
(498, 19, 'Website-52.jpg'),
(499, 19, 'Website-53.jpg'),
(500, 19, 'Website-54.jpg'),
(501, 19, 'Website-55.jpg'),
(502, 19, 'Website-56.jpg'),
(503, 19, 'Website-57.jpg'),
(504, 19, 'Website-58.jpg'),
(505, 19, 'Website-59.jpg'),
(506, 19, 'Website-60.jpg'),
(507, 19, 'Website-61.jpg'),
(508, 19, 'Website-62.jpg'),
(509, 19, 'Website-63.jpg'),
(510, 19, 'Website-64.jpg'),
(511, 19, 'Website-65.jpg'),
(512, 19, 'Website-66.jpg'),
(513, 19, 'Website-67.jpg'),
(514, 19, 'Website-68.jpg'),
(515, 19, 'Website-69.jpg'),
(516, 19, 'Website-70.jpg'),
(517, 20, 'NRHADestelbergen201604-001.jpg'),
(518, 20, 'NRHADestelbergen201604-002.jpg'),
(519, 20, 'NRHADestelbergen201604-003.jpg'),
(520, 20, 'NRHADestelbergen201604-004.jpg'),
(521, 20, 'NRHADestelbergen201604-005.jpg'),
(522, 20, 'NRHADestelbergen201604-006.jpg'),
(523, 20, 'NRHADestelbergen201604-007.jpg'),
(524, 20, 'NRHADestelbergen201604-008.jpg'),
(525, 20, 'NRHADestelbergen201604-009.jpg'),
(526, 20, 'NRHADestelbergen201604-010.jpg'),
(527, 20, 'NRHADestelbergen201604-011.jpg'),
(528, 20, 'NRHADestelbergen201604-012.jpg'),
(529, 20, 'NRHADestelbergen201604-013.jpg'),
(530, 20, 'NRHADestelbergen201604-014.jpg'),
(531, 20, 'NRHADestelbergen201604-016.jpg'),
(532, 21, 'OldTimerToerke-001.jpg'),
(533, 21, 'OldTimerToerke-002.jpg'),
(534, 21, 'OldTimerToerke-003.jpg'),
(535, 21, 'OldTimerToerke-004.jpg'),
(536, 21, 'OldTimerToerke-005.jpg'),
(537, 21, 'OldTimerToerke-006.jpg'),
(538, 21, 'OldTimerToerke-007.jpg'),
(539, 21, 'OldTimerToerke-008.jpg'),
(540, 21, 'OldTimerToerke-009.jpg'),
(541, 21, 'OldTimerToerke-010.jpg'),
(542, 21, 'OldTimerToerke-011.jpg'),
(543, 21, 'OldTimerToerke-012.jpg'),
(544, 21, 'OldTimerToerke-013.jpg'),
(545, 21, 'OldTimerToerke-014.jpg'),
(546, 21, 'OldTimerToerke-015.jpg'),
(547, 21, 'OldTimerToerke-016.jpg'),
(548, 21, 'OldTimerToerke-018.jpg'),
(549, 21, 'OldTimerToerke-019.jpg'),
(550, 21, 'OldTimerToerke-021.jpg'),
(551, 22, 'VLPMelsele-001.jpg'),
(552, 22, 'VLPMelsele-002.jpg'),
(553, 22, 'VLPMelsele-003.jpg'),
(554, 22, 'VLPMelsele-004.jpg'),
(555, 22, 'VLPMelsele-005.jpg'),
(556, 22, 'VLPMelsele-006.jpg'),
(557, 22, 'VLPMelsele-007.jpg'),
(558, 22, 'VLPMelsele-009.jpg'),
(559, 22, 'VLPMelsele-010.jpg'),
(560, 22, 'VLPMelsele-011.jpg'),
(561, 22, 'VLPMelsele-012.jpg'),
(562, 22, 'VLPMelsele-013.jpg'),
(563, 23, 'NRHAJuli-001.jpg'),
(564, 23, 'NRHAJuli-002.jpg'),
(565, 23, 'NRHAJuli-003.jpg'),
(566, 23, 'NRHAJuli-004.jpg'),
(567, 23, 'NRHAJuli-005.jpg'),
(568, 23, 'NRHAJuli-006.jpg'),
(569, 23, 'NRHAJuli-007.jpg'),
(570, 23, 'NRHAJuli-008.jpg'),
(571, 23, 'NRHAJuli-009.jpg'),
(572, 24, 'PowerReining-001.jpg'),
(573, 24, 'PowerReining-002.jpg'),
(574, 24, 'PowerReining-003.jpg'),
(575, 24, 'PowerReining-004.jpg'),
(576, 24, 'PowerReining-005.jpg'),
(577, 24, 'PowerReining-006.jpg'),
(578, 24, 'PowerReining-007.jpg'),
(579, 24, 'PowerReining-008.jpg'),
(580, 24, 'PowerReining-009.jpg'),
(581, 24, 'PowerReining-010.jpg'),
(582, 24, 'PowerReining-011.jpg'),
(583, 24, 'PowerReining-012.jpg'),
(584, 24, 'PowerReining-013.jpg'),
(585, 24, 'PowerReining-014.jpg'),
(586, 24, 'PowerReining-015.jpg'),
(587, 24, 'PowerReining-017.jpg'),
(588, 24, 'PowerReining-018.jpg'),
(589, 24, 'PowerReining-019.jpg'),
(590, 24, 'PowerReining-021.jpg'),
(591, 24, 'PowerReining-022.jpg'),
(592, 24, 'PowerReining-023.jpg'),
(593, 25, 'LRVProvinciaal-001.jpg'),
(594, 25, 'LRVProvinciaal-002.jpg'),
(595, 25, 'LRVProvinciaal-003.jpg'),
(596, 25, 'LRVProvinciaal-004.jpg'),
(597, 25, 'LRVProvinciaal-005.jpg'),
(598, 25, 'LRVProvinciaal-006.jpg'),
(599, 25, 'LRVProvinciaal-007.jpg'),
(600, 25, 'LRVProvinciaal-008.jpg'),
(601, 25, 'LRVProvinciaal-009.jpg'),
(602, 26, 'BK-VLP-Reining-001.jpg'),
(603, 26, 'BK-VLP-Reining-002.jpg'),
(604, 26, 'BK-VLP-Reining-003.jpg'),
(605, 26, 'BK-VLP-Reining-004.jpg'),
(606, 26, 'BK-VLP-Reining-005.jpg'),
(607, 26, 'BK-VLP-Reining-006.jpg'),
(608, 26, 'BK-VLP-Reining-007.jpg'),
(609, 26, 'BK-VLP-Reining-008.jpg'),
(610, 26, 'BK-VLP-Reining-009.jpg'),
(611, 26, 'BK-VLP-Reining-010.jpg'),
(612, 26, 'BK-VLP-Reining-011.jpg'),
(613, 26, 'BK-VLP-Reining-012.jpg'),
(614, 26, 'BK-VLP-Reining-013.jpg'),
(615, 26, 'BK-VLP-Reining-014.jpg'),
(616, 26, 'BK-VLP-Reining-015.jpg'),
(617, 26, 'BK-VLP-Reining-016.jpg'),
(618, 26, 'BK-VLP-Reining-017.jpg'),
(619, 26, 'BK-VLP-Reining-018.jpg'),
(620, 26, 'BK-VLP-Reining-019.jpg'),
(621, 26, 'BK-VLP-Reining-020.jpg'),
(622, 26, 'BK-VLP-Reining-021.jpg'),
(623, 26, 'BK-VLP-Reining-022.jpg'),
(624, 26, 'BK-VLP-Reining-023.jpg'),
(625, 26, 'BK-VLP-Reining-024.jpg'),
(626, 27, 'LetsRide-001.jpg'),
(627, 27, 'LetsRide-002.jpg'),
(628, 27, 'LetsRide-003.jpg'),
(629, 27, 'LetsRide-004.jpg'),
(630, 27, 'LetsRide-005.jpg'),
(631, 27, 'LetsRide-006.jpg'),
(632, 27, 'LetsRide-007.jpg'),
(633, 27, 'LetsRide-008.jpg'),
(634, 27, 'LetsRide-009.jpg'),
(635, 27, 'LetsRide-010.jpg'),
(636, 27, 'LetsRide-011.jpg'),
(637, 27, 'LetsRide-012.jpg');

--
-- Constraints for dumped tables
--

--
-- Constraints for table `dejanPic`
--
ALTER TABLE `dejanPic`
  ADD CONSTRAINT `dejanPic_ibfk_1` FOREIGN KEY (`album`) REFERENCES `dejanAlbum` (`id`);

/*!40101 SET CHARACTER_SET_CLIENT=@OLD_CHARACTER_SET_CLIENT */;
/*!40101 SET CHARACTER_SET_RESULTS=@OLD_CHARACTER_SET_RESULTS */;
/*!40101 SET COLLATION_CONNECTION=@OLD_COLLATION_CONNECTION */;
